年份,	月份,	节假日
2019,	1,	HWWWSSWWWWWSSWWWWWSSWWWWWSSWWWW
2019,	2,	WSSHHHHHHHWWWWWSSWWWWWSSWWWW
2019,	3,	WSSWWWWWSSWWWWWSSWWWWWSSWWWWWSS
2019,	4,	WWWWHHHWWWWWSSWWWWWSSWWWWWSSWW
2019,	5,	HWWSSWWWWWSSWWWWWSSWWWWWSSWWWWW
2019,	6,	SSWWWWHHHWWWWWSSWWWWWSSWWWWWSS
2019,	7,	WWWWWSSWWWWWSSWWWWWSSWWWWWSSWWW
2019,	8,	WWSSWWWWWSSWWWWWSSWWWWWSSWWWWWS
2019,	9,	SWWWWWSSWWWWHHHWWWWWSSWWWWWSSW
2019,	10,	HHHHHHHWWWWSSWWWWWSSWWWWWSSWWWW
2019,	11,	WSSWWWWWSSWWWWWSSWWWWWSSWWWWWS
2019,	12,	SWWWWWSSWWWWWSSWWWWWSSWWWWWSSWW
2018,	12,	SSWWWWWSSWWWWWSSWWWWWSSWWWWWSSH
